Nama_UMKM,Nama_Reviewer,Tanggal_Ulasan,Rating,Teks_Ulasan
Dapur ABC,Lies Tria Permana,2/13/2026,5,"Durenya mantap, garansi, ga enak tinggal minta ganti. Pembayaran flexible, dine in makan duren sambil menikmati suasana persawahan di kota Probolinggo. Mantap."
Dapur ABC,Budi Ruswantono,2/13/2026,5,"Hidden gems durian Probolinggo, Cak Bagus bin Tatang."
Dapur ABC,Penjelajah dunia,2/13/2026,5,Salada dan durian de best.
Dapur ABC,Teguh Imam,4/13/2023,5,Salah satu makanan yg harus dicoba ketika main ke Probolinggo terutama daerah Pilang.
Dapur ABC,Hilda Punjabi,4/13/2025,5,"Salad buah nya enak2, lalapan bebeknya jg enak mantap."
Dapur ABC,Firman Alfianto,4/13/2022,5,"Dari online saya tahu Dapur ABC, dan sekarang tahu tempat offlinenya, semoga bertambah berkah rezekiNya.. Amiin."
Dapur ABC,Puspa Dio Paramitra,4/13/2022,5,"Harga terjangkau, Owner Ramah, dan Rasa jangan diragukan lagi."
Dapur ABC,Istiqoliyah.,4/13/2023,5,"Lezat, rasa bersaing tidak kalah dg resto terkenal."
Dapur ABC,Slow and Silence,4/13/2023,5,"Salad, Jagung Manis, and more. Good for vegan."
Dapur ABC,fath,4/13/2021,5,Salad dan jasuke nya enak sekali.
Dapur ABC,Mohammad Faris Himawan,4/13/2024,5,Duriannya enak.
Dapur ABC,Bayu prb,4/13/2023,5,Bisa makan di tempat maupun DO.
Dapur ABC,Sigit Waskito Adi,4/13/2024,5,Sangat ramah..maxim food.
Dapur ABC,dimas kurniawan,4/13/2021,5,Asik duren e mantab
Dapur ABC,Rendra Mayorga,4/13/2022,5,Terima kasih mas.
Dapur ABC,Dian Maulana,4/13/2024,5,Jozz juragan duren.
Dapur ABC,DAPUR ABC PROBOLINGGO,4/13/2020,5,Bagus.
Dapur ABC,Nurrohmah Salsabila,4/13/2024,5,Makanan: 5
Dapur ABC,Yuni Astuti,4/6/2023,5,Mantap bgt
Dapur ABC,Wawan Setiawan,8/22/2024,3,Ok tapi biasa aja
Dapur ABC,Rudi Hartono,10/13/2022,3,Ga terlalu spesial
Dapur ABC,Eka Kurniawan,11/11/2022,4,Suka bgt
Dapur ABC,Siti Nurhaliza,1/15/2025,3,Ok tapi biasa aja
Dapur ABC,Eka Kurniawan,8/23/2021,4,Makanan top markotop
Dapur ABC,Rudi Hartono,7/29/2023,3,Rasanya biasa aja
Dapur ABC,Hendra Saputra,4/11/2026,4,"Enak parah, ga bohong"
Dapur ABC,Yoga Saputra,4/6/2026,4,Suka bgt
Dapur ABC,Rudi Hartono,8/24/2021,4,"Enak parah, ga bohong"
Dapur ABC,Nina Oktavia,5/7/2022,4,Suka bgt
Dapur ABC,Indah Puspita,8/10/2022,3,Ok tapi biasa aja
Dapur ABC,Indah Puspita,12/13/2025,3,Biasa aja tapi ga jelek
Dapur ABC,Rina Permatasari,9/8/2025,4,Fix balik lagi
Dapur ABC,Rina Yuliani,9/5/2025,4,Rasanya dapet
Dapur ABC,Agus Santoso,2/17/2023,4,Kudu dicoba
Dapur ABC,Wawan Setiawan,1/26/2022,3,"Biasa aja, ga terlalu mantap"
Dapur ABC,Teguh Pratama,6/14/2025,3,Kurang nendang
Dapur ABC,Dewi Lestari,10/19/2024,5,Gila enak parah
Dapur ABC,Andi Prasetyo,5/4/2024,4,Bintang lima lah
Dapur ABC,Wawan Setiawan,3/21/2026,3,Biasa aja tapi ga jelek
Dapur ABC,Dian Putra,7/20/2024,4,Mantap bgt
Dapur ABC,Yoga Saputra,4/27/2021,5,Rasanya dapet
Dapur ABC,Wawan Setiawan,5/14/2025,4,Ngiler liatnya
Dapur ABC,Budi Setiawan,10/11/2022,3,Rasanya biasa aja
Dapur ABC,Fajar Ramadhan,8/7/2024,3,Kurang nendang
Dapur ABC,Wawan Setiawan,12/23/2025,3,Rasanya biasa aja
Dapur ABC,Siti Nurhaliza,12/14/2021,3,Ok tapi biasa aja
Dapur ABC,Yuni Astuti,11/9/2021,4,Makanan top markotop
Dapur ABC,Fajar Ramadhan,10/25/2021,3,Rasanya biasa aja
Dapur ABC,Teguh Pratama,1/18/2024,4,Kayak di surga
Dapur ABC,Rangga Prakoso,8/23/2022,5,Suka bgt
Dapur ABC,Ahmad Fauzi,4/22/2024,3,Ok tapi biasa aja
Dapur ABC,Fajar Ramadhan,11/14/2024,3,Ok tapi biasa aja
Dapur ABC,Rangga Prakoso,4/19/2022,5,Wkwkwk recomended
Dapur ABC,Ahmad Fauzi,6/14/2024,5,Wkwkwk recomended
Dapur ABC,Rina Yuliani,8/8/2022,5,Ngiler liatnya
Dapur ABC,Indah Puspita,9/22/2023,4,Suka bgt
Dapur ABC,Rina Yuliani,10/23/2025,3,Kurang nendang
Dapur ABC,Sari Melati,7/6/2025,4,Mantap bgt
Dapur ABC,Siti Nurhaliza,9/28/2021,5,Fix balik lagi
Dapur ABC,Lina Marlina,5/26/2023,3,Ok tapi biasa aja
Dapur ABC,Yoga Saputra,8/31/2022,5,Kudu dicoba
Dapur ABC,Fadhil Ramdani,4/19/2021,5,Bintang lima lah
Dapur ABC,Bayu Nugroho,2/19/2025,4,Next time bawa temen
Dapur ABC,Rina Yuliani,6/20/2024,4,Kayak di surga
Dapur ABC,Andi Prasetyo,8/4/2022,4,Rasa mantul
Dapur ABC,Ahmad Fauzi,12/27/2024,5,Kudu dicoba
Dapur ABC,Teguh Pratama,1/15/2024,3,Agak kecewa sama rasa
Dapur ABC,Dita Anggraini,6/3/2023,5,Rasanya dapet
Dapur ABC,Lina Marlina,4/30/2021,3,Lumayan tapi ga wow
Dapur ABC,Agus Santoso,8/28/2021,4,Cocok banget buat nongkrong
Dapur ABC,Siti Nurhaliza,9/12/2025,3,Cuma oke lah
Dapur ABC,Rina Permatasari,10/20/2025,4,Beneran maknyus
Dapur ABC,Citra Dewi,1/4/2024,5,Rasanya dapet
Dapur ABC,Rangga Prakoso,6/15/2025,5,Gokil rasanya
Dapur ABC,Rina Permatasari,3/12/2024,5,"Enak parah, ga bohong"
Dapur ABC,Putri Maharani,1/8/2022,5,Beneran maknyus
Dapur ABC,Fikri Maulana,12/1/2021,5,Rasa mantul
Dapur ABC,Rina Permatasari,10/28/2022,5,Jozz banget
Dapur ABC,Tina Wulandari,10/11/2025,3,Biasa aja tapi ga jelek
Dapur ABC,Andi Prasetyo,4/6/2025,5,Yes banget
Dapur ABC,Fajar Ramadhan,8/2/2025,4,Suka bgt
Dapur ABC,Ahmad Fauzi,10/11/2025,3,Cuma oke lah
Dapur ABC,Budi Setiawan,5/1/2022,4,Yes banget
Dapur ABC,Rudi Hartono,7/12/2022,3,Rasanya biasa aja
Dapur ABC,Eka Kurniawan,10/17/2021,4,Cocok banget buat nongkrong
Dapur ABC,Putri Maharani,3/8/2025,3,Ok tapi biasa aja
Dapur ABC,Dian Putra,9/14/2025,4,Kayak di surga
Dapur ABC,Dian Putra,4/25/2023,5,Suka bgt
Dapur ABC,Rudi Hartono,5/20/2024,3,Ok tapi biasa aja
Dapur ABC,Wawan Setiawan,1/20/2022,3,Lumayan tapi kurang greget
Dapur ABC,Lina Marlina,12/6/2025,5,Bikin ketagihan
Dapur ABC,Eka Kurniawan,8/9/2025,4,Kudu dicoba
Dapur ABC,Yoga Saputra,3/1/2026,4,Ngiler liatnya
Dapur ABC,Bayu Nugroho,5/3/2025,4,Gila enak parah
Dapur ABC,Fadhil Ramdani,9/9/2025,3,Ga terlalu spesial
Dapur ABC,Dian Putra,5/28/2021,3,Lumayan tapi ga wow
Dapur ABC,Wawan Setiawan,12/18/2024,3,Kurang nendang
Dapur ABC,Fajar Ramadhan,12/10/2022,5,Mantap bgt
Dapur ABC,Ahmad Fauzi,12/8/2025,3,Lumayan tapi kurang greget
Dapur ABC,Putri Maharani,4/17/2025,4,Cocok banget buat nongkrong
